State Code,Level,Name,TRU,No of Households,Total Population Person,Total Population Male,Total Population Female,Population in the age group 0-6 Person,Population in the age group 0-6 Male,Population in the age group 0-6 Female,Scheduled Castes population Person,Scheduled Tribes population Person,Literates Population Person,Literates Population Male,Literates Population Female,Illiterate Persons,Illiterate Male,Illiterate Female,Total Worker Population Person,Total Worker Population Male,Total Worker Population Female,Main Working Population Person,Main Working Population Male,Main Working Population Female,Main Cultivator Population Person,Main Cultivator Population Male,Main Cultivator Population Female,Main Agricultural Labourers Population Person,Main Agricultural Labourers Population Male,Main Agricultural Labourers Population Female,Main Household Industries Population Person,Main Household Industries Population Male,Main Household Industries Population Female,Main Other Workers Population Person,Main Other Workers Population Male,Main Other Workers Population Female,Marginal Worker Population Person,Marginal Worker Population Male,Marginal Worker Population Female,Marginal Worker Population 3_6 Person,Marginal Worker Population 3_6 Male,Marginal Worker Population 3_6 Female,Marginal Worker Population 0_3 Person,Marginal Worker Population 0_3 Male,Marginal Worker Population 0_3_Female,Non Working Population Person,Non Working Population Male,Non Working Population Female
00,India,India,Total,249454252,1210569573,623121843,587447730,164478150,85732470,78745680,201378086,104281034,763498517,434683779,328814738,447071056,188438064,258632992,481743311,331865930,149877381,362446420,273149359,89297061,95841357,73018105,22823252,86166871,55254927,30911944,12331464,7540121,4791343,168106728,137336206,30770522,119296891,58716571,60580320,97044107,48579387,48464720,22252784,10137184,12115600,728826262,291255913,437570349
00,India,India,Rural,168565486,833463448,427632643,405830805,121285762,63064665,58221097,153850562,93819162,482653540,281281531,201372009,350809908,146351112,204458796,348597535,226763068,121834467,245749270,178034713,67714557,92737696,70469851,22267845,80958300,51639066,29319234,7244556,4170353,3074203,64808718,51755443,13053275,102848265,48728355,54119910,83031670,40034385,42997285,19816595,8693970,11122625,484865913,200869575,283996338
00,India,India,Urban,80888766,377106125,195489200,181616925,43192388,22667805,20524583,47527524,10461872,280844977,153402248,127442729,96261148,42086952,54174196,133145776,105102862,28042914,116697150,95114646,21582504,3103661,2548254,555407,5208571,3615861,1592710,5086908,3369768,1717140,103298010,85580763,17717247,16448626,9988216,6460410,14012437,8545002,5467435,2436189,1443214,992975,243960349,90386338,153574011
01,STATE,JAMMU & KASHMIR,Total,2119718,12541302,6640662,5900640,2018905,1084355,934550,924991,1493299,7067233,4264671,2802562,5474069,2375991,3098078,4322713,3195090,1127623,2644149,2305788,338361,566469,486417,80052,159519,143071,16448,78826,58514,20312,1839335,1617786,221549,1678564,889302,789262,1201567,675679,525888,476997,213623,263374,8218589,3445572,4773017
01,STATE,JAMMU & KASHMIR,Rural,1553433,9108060,4774477,4333583,1593008,854141,738867,751026,1406833,4747950,2891749,1856201,4360110,1882728,2477382,3113081,2212006,901075,1669814,1453157,216657,541316,464699,76617,141304,126405,14899,57248,41833,15415,929946,820220,109726,1443267,758849,684418,1013949,566924,447025,429318,191925,237393,5994979,2562471,3432508
01,STATE,JAMMU & KASHMIR,Urban,566285,3433242,1866185,1567057,425897,230214,195683,173965,86466,2319283,1372922,946361,1113959,493263,620696,1209632,983084,226548,974335,852631,121704,25153,21718,3435,18215,16666,1549,21578,16681,4897,909389,797566,111823,235297,130453,104844,187618,108755,78863,47679,21698,25981,2223610,883101,1340509
02,STATE,HIMACHAL PRADESH,Total,1483280,6864602,3481873,3382729,777898,407459,370439,1729252,392126,5039736,2752590,2287146,1824866,729283,1095583,3559422,2043373,1516049,2062501,1438989,623512,919786,514927,404859,68668,46235,22433,32691,24576,8115,1041356,853251,188105,1496921,604384,892537,1025060,417179,607881,471861,187205,284656,3305180,1438500,1866680
02,STATE,HIMACHAL PRADESH,Rural,1312510,6176050,3110345,3065705,712822,372854,339968,1606535,374392,4471736,2437821,2033915,1704314,672524,1031790,3289384,1836358,1453026,1822109,1247874,574235,914201,510886,403315,66318,44463,21855,27502,20466,7036,814088,672059,142029,1467275,588484,878791,1001552,404162,597390,465723,184322,281401,2886666,1273987,1612679
02,STATE,HIMACHAL PRADESH,Urban,170770,688552,371528,317024,65076,34605,30471,122717,17734,568000,314769,253231,120552,56759,63793,270038,207015,63023,240392,191115,49277,5585,4041,1544,2350,1772,578,5189,4110,1079,227268,181192,46076,29646,15900,13746,23508,13017,10491,6138,2883,3255,418514,164513,254001
03,STATE,PUNJAB,Total,5513071,27743338,14639465,13103873,3076219,1665994,1410225,8860179,0,18707137,10436056,8271081,9036201,4203409,4832792,9897362,8074157,1823205,8450936,7264631,1186305,1803860,1691777,112083,1168021,1013979,154042,300660,215971,84689,5178395,4342904,835491,1446426,809526,636900,1150415,661526,488889,296011,148000,148011,17845976,6565308,11280668
03,STATE,PUNJAB,Rural,3358113,17344192,9093476,8250716,1945502,1055297,890205,6496986,0,10997657,6158807,4838850,6346535,2934669,3411866,6179199,4995819,1183380,5107024,4417839,689185,1719356,1613978,105378,1078849,936572,142277,172769,114354,58415,2136050,1752935,383115,1072175,577980,494195,822598,461224,361374,249577,116756,132821,11164993,4097657,7067336
03,STATE,PUNJAB,Urban,2154958,10399146,5545989,4853157,1130717,610697,520020,2363193,0,7709480,4277249,3432231,2689666,1268740,1420926,3718163,3078338,639825,3343912,2846792,497120,84504,77799,6705,89172,77407,11765,127891,101617,26274,3042345,2589969,452376,374251,231546,142705,327817,200302,127515,46434,31244,15190,6680983,2467651,4213332
04,STATE,CHANDIGARH,Total,241173,1055450,580663,474787,119434,63536,55898,199086,0,805438,465346,340092,250012,115317,134695,404136,328159,75977,385929,317190,68739,2169,1906,263,1396,1166,230,4219,3278,941,378145,310840,67305,18207,10969,7238,15188,9057,6131,3019,1912,1107,651314,252504,398810
04,STATE,CHANDIGARH,Rural,7140,28991,17150,11841,4270,2282,1988,4974,0,19961,12752,7209,9030,4398,4632,12350,10664,1686,11683,10356,1327,401,378,23,138,113,25,105,74,31,11039,9791,1248,667,308,359,470,209,261,197,99,98,16641,6486,10155
04,STATE,CHANDIGARH,Urban,234033,1026459,563513,462946,115164,61254,53910,194112,0,785477,452594,332883,240982,110919,130063,391786,317495,74291,374246,306834,67412,1768,1528,240,1258,1053,205,4114,3204,910,367106,301049,66057,17540,10661,6879,14718,8848,5870,2822,1813,1009,634673,246018,388655
05,STATE,UTTARAKHAND,Total,2056975,10086292,5137773,4948519,1355814,717199,638615,1892516,291903,6880953,3863708,3017245,3205339,1274065,1931274,3872275,2551921,1320354,2870624,2070760,799864,1045674,545561,500113,247256,196375,50881,77040,54101,22939,1500654,1274723,225931,1001651,481161,520490,756840,373473,383367,244811,107688,137123,6214017,2585852,3628165
05,STATE,UTTARAKHAND,Rural,1425086,7036954,3519042,3517912,990776,521792,468984,1496665,264819,4614050,2596171,2017879,2422904,922871,1500033,2885533,1726674,1158859,1997332,1322523,674809,1027923,532558,495365,225529,177948,47581,46685,30064,16621,697195,581953,115242,888201,404151,484050,658831,306695,352136,229370,97456,131914,4151421,1792368,2359053
05,STATE,UTTARAKHAND,Urban,631889,3049338,1618731,1430607,365038,195407,169631,395851,27084,2266903,1267537,999366,782435,351194,431241,986742,825247,161495,873292,748237,125055,17751,13003,4748,21727,18427,3300,30355,24037,6318,803459,692770,110689,113450,77010,36440,98009,66778,31231,15441,10232,5209,2062596,793484,1269112
06,STATE,HARYANA,Total,4857524,25351462,13494734,11856728,3380721,1843109,1537612,5113615,0,16598988,9794067,6804921,8752474,3700667,5051807,8916508,6806636,2109872,7015283,5860600,1154683,1963311,1632783,330528,891273,718444,172829,201375,159666,41709,3959324,3349707,609617,1901225,946036,955189,1510526,769060,741466,390699,176976,213723,16434954,6688098,9746856
06,STATE,HARYANA,Rural,3043756,16509359,8774006,7735353,2285112,1245090,1040022,3720109,0,10158442,6140099,4018343,6350917,2633907,3717010,6003112,4392214,1610898,4435805,3672588,763217,1893233,1571194,322039,808001,647625,160376,89013,64257,24756,1645558,1389512,256046,1567307,719626,847681,1229441,579576,649865,337866,140050,197816,10506247,4381792,6124455
06,STATE,HARYANA,Urban,1813768,8842103,4720728,4121375,1095609,598019,497590,1393506,0,6440546,3653968,2786578,2401557,1066760,1334797,2913396,2414422,498974,2579478,2188012,391466,70078,61589,8489,83272,70819,12453,112362,95409,16953,2313766,1960195,353571,333918,226410,107508,281085,189484,91601,52833,36926,15907,5928707,2306306,3622401
07,STATE,NCT OF DELHI,Total,3435999,16787941,8987326,7800615,2012454,1075440,937014,2812309,0,12737767,7194856,5542911,4050174,1792470,2257704,5587049,4762026,825023,5307329,4562710,744619,27759,24225,3534,31474,25632,5842,169126,146069,23057,5078970,4366784,712186,279720,199316,80404,235250,166929,68321,44470,32387,12083,11200892,4225300,6975592
07,STATE,NCT OF DELHI,Rural,79574,419042,226321,192721,56716,31259,25457,82183,0,296600,174327,122273,122442,51994,70448,130227,111500,18727,118510,103568,14942,11842,10357,1485,6123,4835,1288,2660,2094,566,97885,86282,11603,11717,7932,3785,9599,6426,3173,2118,1506,612,288815,114821,173994
07,STATE,NCT OF DELHI,Urban,3356425,16368899,8761005,7607894,1955738,1044181,911557,2730126,0,12441167,7020529,5420638,3927732,1740476,2187256,5456822,4650526,806296,5188819,4459142,729677,15917,13868,2049,25351,20797,4554,166466,143975,22491,4981085,4280502,700583,268003,191384,76619,225651,160503,65148,42352,30881,11471,10912077,4110479,6801598
08,STATE,RAJASTHAN,Total,12711146,68548437,35550997,32997440,10649504,5639176,5010328,12221593,9238534,38275282,23688412,14586870,30273155,11862585,18410570,29886255,18297076,11589179,21057968,15243537,5814431,9845353,6365757,3479596,2195304,1281039,914265,503067,360510,142557,8514244,7236231,1278013,8828287,3053539,5774748,7015250,2406685,4608565,1813037,646854,1166183,38662182,17253921,21408261
08,STATE,RAJASTHAN,Rural,9494903,51500352,26641747,24858605,8414883,4446599,3968284,9536963,8693123,26471786,16904589,9567197,25028566,9737158,15291408,24385233,13775469,10609764,16173343,11069837,5103506,9632800,6213533,3419267,2072869,1192814,880055,275153,190152,85001,4192521,3473338,719183,8211890,2705632,5506258,6491836,2104692,4387144,1720054,600940,1119114,27115119,12866278,14248841
08,STATE,RAJASTHAN,Urban,3216243,17048085,8909250,8138835,2234621,1192577,1042044,2684630,545411,11803496,6783823,5019673,5244589,2125427,3119162,5501022,4521607,979415,4884625,4173700,710925,212553,152224,60329,122435,88225,34210,227914,170358,57556,4321723,3762893,558830,616397,347907,268490,523414,301993,221421,92983,45914,47069,11547063,4387643,7159420
09,STATE,UTTAR PRADESH,Total,33448035,199812341,104480510,95331831,30791331,16185581,14605750,41357608,1134273,114397555,68234964,46162591,85414786,36245546,49169240,65814715,49846762,15967953,44635492,37420299,7215193,15576415,13727429,1848986,9749915,7777577,1972338,2409436,1669471,739965,16899726,14245822,2653904,21179223,12426463,8752760,16885149,10156804,6728345,4294074,2269659,2024415,133997626,54633748,79363878
09,STATE,UTTAR PRADESH,Rural,25685942,155317278,80992995,74324283,25040583,13135595,11904988,35685227,1031076,85284680,51793688,33490992,70032598,29199307,40833291,51950980,38352879,13598101,33538817,27812347,5726470,15103331,13299811,1803520,9094209,7205459,1888750,1485130,962736,522394,7856147,6344341,1511806,18412163,10540532,7871631,14491868,8531773,5960095,3920295,2008759,1911536,103366298,42640116,60726182
09,STATE,UTTAR PRADESH,Urban,7762093,44495063,23487515,21007548,5750748,3049986,2700762,5672381,103197,29112875,16441276,12671599,15382188,7046239,8335949,13863735,11493883,2369852,11096675,9607952,1488723,473084,427618,45466,655706,572118,83588,924306,706735,217571,9043579,7901481,1142098,2767060,1885931,881129,2393281,1625031,768250,373779,260900,112879,30631328,11993632,18637696
10,STATE,BIHAR,Total,18913565,104099452,54278157,49821295,19133964,9887239,9246725,16567325,1336573,52504553,31608023,20896530,51594899,22670134,28924765,34724987,25222189,9502798,21359611,17270690,4088921,5413181,4688683,724498,9537418,7373292,2164126,779576,488797,290779,5629436,4719918,909518,13365376,7951499,5413877,10922864,6728476,4194388,2442512,1223023,1219489,69374465,29055968,40318497
10,STATE,BIHAR,Rural,16862940,92341436,48073850,44267586,17383701,8971671,8412030,15344215,1270851,44812152,27241830,17570322,47529284,20832020,26697264,31359767,22436685,8923082,18723966,14988080,3735886,5261564,4551866,709698,9225709,7113170,2112539,624910,371674,253236,3611783,2951370,660413,12635801,7448605,5187196,10297303,6292958,4004345,2338498,1155647,1182851,60981669,25637165,35344504
10,STATE,BIHAR,Urban,2050625,11758016,6204307,5553709,1750263,915568,834695,1223110,65722,7692401,4366193,3326208,4065615,1838114,2227501,3365220,2785504,579716,2635645,2282610,353035,151617,136817,14800,311709,260122,51587,154666,117123,37543,2017653,1768548,249105,729575,502894,226681,625561,435518,190043,104014,67376,36638,8392796,3418803,4973993
11,STATE,SIKKIM,Total,129006,610577,323070,287507,64111,32761,31350,28275,206360,444952,251269,193683,165625,71801,93824,308138,194358,113780,230397,160513,69884,82707,50586,32121,11582,7145,4437,2888,2056,832,133220,100726,32494,77741,33845,43896,54465,23668,30797,23276,10177,13099,302439,128712,173727
11,STATE,SIKKIM,Rural,93288,456999,242797,214202,49218,25061,24157,20335,167146,321930,184245,137685,135069,58552,76517,243785,148186,95599,173682,119014,54668,82111,50224,31887,11154,6858,4296,2155,1474,681,78262,60458,17804,70103,29172,40931,48012,19719,28293,22091,9453,12638,213214,94611,118603
11,STATE,SIKKIM,Urban,35718,153578,80273,73305,14893,7700,7193,7940,39214,123022,67024,55998,30556,13249,17307,64353,46172,18181,56715,41499,15216,596,362,234,428,287,141,733,582,151,54958,40268,14690,7638,4673,2965,6453,3949,2504,1185,724,461,89225,34101,55124
12,STATE,ARUNACHAL PRADESH,Total,270577,1383727,713912,669815,212188,107624,104564,0,951821,766005,439868,326137,617722,274044,343678,587657,350273,237384,478721,301109,177612,248120,130008,118112,20259,11921,8338,4728,2772,1956,205614,156408,49206,108936,49164,59772,89305,40342,48963,19631,8822,10809,796070,363639,432431
12,STATE,ARUNACHAL PRADESH,Rural,200210,1066358,546011,520347,172289,87241,85048,0,789846,535902,309390,226512,530456,236621,293835,470315,264790,205525,377388,223929,153459,244637,127925,116712,18776,10997,7779,3371,1929,1442,110604,83078,27526,92927,40861,52066,75099,33075,42024,17828,7786,10042,596043,281221,314822
12,STATE,ARUNACHAL PRADESH,Urban,70367,317369,167901,149468,39899,20383,19516,0,161975,230103,130478,99625,87266,37423,49843,117342,85483,31859,101333,77180,24153,3483,2083,1400,1483,924,559,1357,843,514,95010,73330,21680,16009,8303,7706,14206,7267,6939,1803,1036,767,200027,82418,117609
13,STATE,NAGALAND,Total,396002,1978502,1024649,953853,291071,149785,141286,0,1710973,1342434,723957,618477,636068,300692,335376,974122,547357,426765,741179,442204,298975,420379,208221,212158,22571,12899,9672,9525,4731,4794,288704,216353,72351,232943,105153,127790,141978,61126,80852,90965,44027,46938,1004380,477292,527088
13,STATE,NAGALAND,Rural,277491,1407536,725472,682064,217482,112483,104999,0,1306838,896663,484021,412642,510873,241451,269422,760360,403912,356448,567674,316384,251290,408523,202643,205880,19970,11260,8710,6588,3055,3533,132593,99426,33167,192686,87528,105158,111318,47710,63608,81368,39818,41550,647176,321560,325616
13,STATE,NAGALAND,Urban,118511,570966,299177,271789,73589,37302,36287,0,404135,445771,239936,205835,125195,59241,65954,213762,143445,70317,173505,125820,47685,11856,5578,6278,2601,1639,962,2937,1676,1261,156111,116927,39184,40257,17625,22632,30660,13416,17244,9597,4209,5388,357204,155732,201472
14,STATE,MANIPUR,Total,510448,2570390,1290171,1280219,338254,174700,163554,97042,902740,1768181,960015,808166,802209,330156,472053,1159053,665463,493590,855012,554518,300494,365712,232130,133582,43774,23603,20171,44586,13362,31224,400940,285423,115517,304041,110945,193096,239890,88390,151500,64151,22555,41596,1411337,624708,786629
14,STATE,MANIPUR,Rural,338109,1736236,878469,857767,236843,122659,114184,47563,791126,1142564,630291,512273,593672,248178,345494,813604,460140,353464,594331,381865,212466,327425,203897,123528,34373,18204,16169,27069,7820,19249,205464,151944,53520,219273,78275,140998,172232,61606,110626,47041,16669,30372,922632,418329,504303
14,STATE,MANIPUR,Urban,172339,834154,411702,422452,101411,52041,49370,49479,111614,625617,329724,295893,208537,81978,126559,345449,205323,140126,260681,172653,88028,38287,28233,10054,9401,5399,4002,17517,5542,11975,195476,133479,61997,84768,32670,52098,67658,26784,40874,17110,5886,11224,488705,206379,282326
15,STATE,MIZORAM,Total,222853,1097206,555339,541867,168531,85561,82970,1218,1036115,848175,438529,409646,249031,116810,132221,486705,290740,195965,415030,263305,151725,202514,121598,80916,26464,16601,9863,5459,3109,2350,180593,121997,58596,71675,27435,44240,53724,19626,34098,17951,7809,10142,610501,264599,345902
15,STATE,MIZORAM,Rural,105812,525435,269135,256300,93384,47489,45895,298,507467,363334,195400,167934,162101,73735,88366,252382,145091,107291,217824,134888,82936,170274,101909,68365,12448,7572,4876,1556,999,557,33546,24408,9138,34558,10203,24355,25143,6745,18398,9415,3458,5957,273053,124044,149009
15,STATE,MIZORAM,Urban,117041,571771,286204,285567,75147,38072,37075,920,528648,484841,243129,241712,86930,43075,43855,234323,145649,88674,197206,128417,68789,32240,19689,12551,14016,9029,4987,3903,2110,1793,147047,97589,49458,37117,17232,19885,28581,12881,15700,8536,4351,4185,337448,140555,196893
16,STATE,TRIPURA,Total,855556,3673917,1874376,1799541,458014,234008,224006,654918,1166813,2804783,1501369,1303414,869134,373007,496127,1469521,1045326,424195,1077019,887881,189138,246707,210117,36590,201863,156850,45013,19296,12814,6482,609153,508100,101053,392502,157445,235057,298562,126729,171833,93940,30716,63224,2204396,829050,1375346
16,STATE,TRIPURA,Rural,616582,2712464,1387173,1325291,365309,186400,178909,437993,1117566,1992773,1081503,911270,719691,305670,414021,1116076,767767,348309,776583,637023,139560,237861,201981,35880,191928,148647,43281,14424,9389,5035,332370,277006,55364,339493,130744,208749,258529,104727,153802,80964,26017,54947,1596388,619406,976982
16,STATE,TRIPURA,Urban,238974,961453,487203,474250,92705,47608,45097,216925,49247,812010,419866,392144,149443,67337,82106,353445,277559,75886,300436,250858,49578,8846,8136,710,9935,8203,1732,4872,3425,1447,276783,231094,45689,53009,26701,26308,40033,22002,18031,12976,4699,8277,608008,209644,398364
17,STATE,MEGHALAYA,Total,548059,2966889,1491832,1475057,568536,288646,279890,17355,2555861,1785005,913879,871126,1181884,577953,603931,1185619,703709,481910,921575,585520,336055,411270,243805,167465,114642,70460,44182,11969,6459,5510,383694,264796,118898,264044,118189,145855,209361,93536,115825,54683,24653,30030,1781270,788123,993147
17,STATE,MEGHALAYA,Rural,430573,2371439,1194260,1177179,490592,248751,241841,11573,2136891,1315154,675636,639518,1056285,518624,537661,973458,561812,411646,730959,455430,275529,404202,239600,164602,111422,68258,43164,10712,5628,5084,204623,141944,62679,242499,106382,136117,190995,83435,107560,51504,22947,28557,1397981,632448,765533
17,STATE,MEGHALAYA,Urban,117486,595450,297572,297878,77944,39895,38049,5782,418970,469851,238243,231608,125599,59329,66270,212161,141897,70264,190616,130090,60526,7068,4205,2863,3220,2202,1018,1257,831,426,179071,122852,56219,21545,11807,9738,18366,10101,8265,3179,1706,1473,383289,155675,227614
18,STATE,ASSAM,Total,6406471,31205576,15939443,15266133,4638130,2363485,2274645,2231321,3884371,19177977,10568639,8609338,12027599,5370804,6656795,11969690,8541560,3428130,8687123,7034642,1652481,3138554,2698384,440170,903294,705306,197988,242071,146566,95505,4403204,3484386,918818,3282567,1506918,1775649,2697230,1251614,1445616,585337,255304,330033,19235886,7397883,11838003
18,STATE,ASSAM,Rural,5420877,26807034,13678989,13128045,4187323,2131586,2055737,1825761,3665405,15685436,8706193,6979243,11121598,4972796,6148802,10368283,7257852,3110431,7311015,5880174,1430841,3106999,2670579,436420,885561,691056,194505,205677,121780,83897,3112778,2396759,716019,3057268,1377678,1679590,2502119,1140305,1361814,555149,237373,317776,16438751,6421137,10017614
18,STATE,ASSAM,Urban,985594,4398542,2260454,2138088,450807,231899,218908,405560,218966,3492541,1862446,1630095,906001,398008,507993,1601407,1283708,317699,1376108,1154468,221640,31555,27805,3750,17733,14250,3483,36394,24786,11608,1290426,1087627,202799,225299,129240,96059,195111,111309,83802,30188,17931,12257,2797135,976746,1820389
19,STATE,WEST BENGAL,Total,20380315,91276115,46809027,44467088,10581466,5410396,5171070,21463270,5296953,61538281,33818810,27719471,29737834,12990217,16747617,34756355,26716047,8040308,25686630,21678279,4008351,4203767,3940399,263368,5869498,4943086,926412,1518128,869039,649089,14095237,11925755,2169482,9069725,5037768,4031957,7048294,4015867,3032427,2021431,1021901,999530,56519760,20092980,36426780
19,STATE,WEST BENGAL,Rural,13813165,62183113,31844945,30338168,7820710,3992655,3828055,17095107,4855115,39213779,21848197,17365582,22969334,9996748,12972586,24082481,18211180,5871301,16489485,14019915,2469570,4081481,3830056,251425,5640355,4744931,895424,875091,470280,404811,5892558,4974648,917910,7592996,4191265,3401731,5825830,3317706,2508124,1767166,873559,893607,38100632,13633765,24466867
19,STATE,WEST BENGAL,Urban,6567150,29093002,14964082,14128920,2760756,1417741,1343015,4368163,441838,22324502,11970613,10353889,6768500,2993469,3775031,10673874,8504867,2169007,9197145,7658364,1538781,122286,110343,11943,229143,198155,30988,643037,398759,244278,8202679,6951107,1251572,1476729,846503,630226,1222464,698161,524303,254265,148342,105923,18419128,6459215,11959913
20,STATE,JHARKHAND,Total,6254781,32988134,16930315,16057819,5389495,2767147,2622348,3985644,8645042,18328069,10882519,7445550,14660065,6047796,8612269,13098274,8424769,4673505,6818595,5234442,1584153,2001362,1443959,557403,1238774,829585,409189,249048,142652,106396,3329411,2818246,511165,6279679,3190327,3089352,4953539,2644953,2308586,1326140,545374,780766,19889860,8505546,11384314
20,STATE,JHARKHAND,Rural,4729369,25055073,12776486,12278587,4367507,2231494,2136013,3152863,7868150,12643078,7682731,4960347,12411995,5093755,7318240,10777152,6484142,4293010,4886840,3563422,1323418,1966656,1415112,551544,1197462,796592,400870,193078,101012,92066,1529644,1250706,278938,5890312,2920720,2969592,4630514,2415831,2214683,1259798,504889,754909,14277921,6292344,7985577
20,STATE,JHARKHAND,Urban,1525412,7933061,4153829,3779232,1021988,535653,486335,832781,776892,5684991,3199788,2485203,2248070,954041,1294029,2321122,1940627,380495,1931755,1671020,260735,34706,28847,5859,41312,32993,8319,55970,41640,14330,1799767,1567540,232227,389367,269607,119760,323025,229122,93903,66342,40485,25857,5611939,2213202,3398737
21,STATE,ODISHA,Total,9637820,41974218,21212136,20762082,5273194,2716497,2556697,7188463,9590756,26742595,15089681,11652914,15231623,6122455,9109168,17541589,11902655,5638934,10707543,8794413,1913130,3279769,2924537,355232,2420540,1746831,673709,441486,315176,126310,4565748,3807869,757879,6834046,3108242,3725804,5597143,2610626,2986517,1236903,497616,739287,24432629,9309481,15123148
21,STATE,ODISHA,Rural,8089987,34970562,17586203,17384359,4525870,2325832,2200038,6218642,8994967,21377915,12154552,9223363,13592647,5431651,8160996,15103714,9941574,5162140,8623947,7045991,1577956,3219409,2869857,349552,2355909,1697973,657936,345719,238211,107508,2702910,2239950,462960,6479767,2895583,3584184,5294257,2426755,2867502,1185510,468828,716682,19866848,7644629,12222219
21,STATE,ODISHA,Urban,1547833,7003656,3625933,3377723,747324,390665,356659,969821,595789,5364680,2935129,2429551,1638976,690804,948172,2437875,1961081,476794,2083596,1748422,335174,60360,54680,5680,64631,48858,15773,95767,76965,18802,1862838,1567919,294919,354279,212659,141620,302886,183871,119015,51393,28788,22605,4565781,1664852,2900929
22,STATE,CHHATTISGARH,Total,5650724,25545198,12832895,12712303,3661689,1859935,1801754,3274269,7822902,15379922,8807893,6572029,10165276,4025002,6140274,12180225,7133866,5046359,8241714,5597454,2644260,3038094,2057774,980320,2505999,1390758,1115241,136696,91724,44972,2560925,2057198,503727,3938511,1536412,2402099,3177960,1256033,1921927,760551,280379,480172,13364973,5699029,7665944
22,STATE,CHHATTISGARH,Rural,4365568,19607961,9797426,9810535,2924941,1479586,1445355,2511949,7231082,11008956,6403012,4605944,8599005,3394414,5204591,10063114,5522258,4540856,6365271,4114031,2251240,2957171,1998073,959098,2392521,1324306,1068215,79777,51647,28130,935802,740005,195797,3697843,1408227,2289616,2983202,1151107,1832095,714641,257120,457521,9544847,4275168,5269679
22,STATE,CHHATTISGARH,Urban,1285156,5937237,3035469,2901768,736748,380349,356399,762320,591820,4370966,2404881,1966085,1566271,630588,935683,2117111,1611608,505503,1876443,1483423,393020,80923,59701,21222,113478,66452,47026,56919,40077,16842,1625123,1317193,307930,240668,128185,112483,194758,104926,89832,45910,23259,22651,3820126,1423861,2396265
23,STATE,MADHYA PRADESH,Total,15093256,72626809,37612306,35014503,10809395,5636172,5173223,11342320,15316784,42851169,25174328,17676841,29775640,12437978,17337662,31574133,20146970,11427163,22702119,16362065,6340054,8214993,6038749,2176244,6630821,4027711,2603110,647565,396320,251245,7208740,5899285,1309455,8872014,3784905,5087109,7309526,3146582,4162944,1562488,638323,924165,41052676,17465336,23587340
23,STATE,MADHYA PRADESH,Rural,11080278,52557404,27149388,25408016,8325731,4329993,3995738,8268002,14276874,28281986,17054982,11227004,24275418,10094406,14181012,24715198,14741977,9973221,16729558,11488183,5241375,7885302,5765124,2120178,6303841,3807102,2496739,348081,198997,149084,2192334,1716960,475374,7985640,3253794,4731846,6563542,2695259,3868283,1422098,558535,863563,27842206,12407411,15434795
23,STATE,MADHYA PRADESH,Urban,4012978,20069405,10462918,9606487,2483664,1306179,1177485,3074318,1039910,14569183,8119346,6449837,5500222,2343572,3156650,6858935,5404993,1453942,5972561,4873882,1098679,329691,273625,56066,326980,220609,106371,299484,197323,102161,5016406,4182325,834081,886374,531111,355263,745984,451323,294661,140390,79788,60602,13210470,5057925,8152545
24,STATE,GUJARAT,Total,12248428,60439692,31491260,28948432,7777262,4115384,3661878,4074447,8917174,41093358,23474873,17618485,19346334,8016387,11329947,24767747,18000914,6766833,20365374,16567695,3797679,4746956,4075047,671909,4491751,3008961,1482790,252213,182101,70112,10874454,9301586,1572868,4402373,1433219,2969154,3930530,1249781,2680749,471843,183438,288405,35671945,13490346,22181599
24,STATE,GUJARAT,Rural,6773558,34694609,17799159,16895450,4824903,2521455,2303448,2281573,8021848,21420842,12467643,8953199,13273767,5331516,7942251,15570092,10171584,5398508,11878120,9141339,2736781,4571337,3919258,652079,4207186,2799674,1407512,116105,88193,27912,2983492,2334214,649278,3691972,1030245,2661727,3304468,894380,2410088,387504,135865,251639,19124517,7627575,11496942
24,STATE,GUJARAT,Urban,5474870,25745083,13692101,12052982,2952359,1593929,1358430,1792874,895326,19672516,11007230,8665286,6072567,2684871,3387696,9197655,7829330,1368325,8487254,7426356,1060898,175619,155789,19830,284565,209287,75278,136108,93908,42200,7890962,6967372,923590,710401,402974,307427,626062,355401,270661,84339,47573,36766,16547428,5862771,10684657
25,STATE,DAMAN & DIU,Total,60956,243247,150301,92946,26934,14144,12790,6124,15363,188406,124643,63763,54841,25658,29183,121271,107434,13837,116435,104614,11821,1649,1300,349,491,272,219,380,295,85,113915,102747,11168,4836,2820,2016,3575,1923,1652,1261,897,364,121976,42867,79109
25,STATE,DAMAN & DIU,Rural,12744,60396,32395,28001,7438,3849,3589,2167,7617,43089,25529,17560,17307,6866,10441,23303,18862,4441,21435,18131,3304,1053,777,276,321,134,187,119,94,25,19942,17126,2816,1868,731,1137,1499,561,938,369,170,199,37093,13533,23560
25,STATE,DAMAN & DIU,Urban,48212,182851,117906,64945,19496,10295,9201,3957,7746,145317,99114,46203,37534,18792,18742,97968,88572,9396,95000,86483,8517,596,523,73,170,138,32,261,201,60,93973,85621,8352,2968,2089,879,2076,1362,714,892,727,165,84883,29334,55549
26,STATE,DADRA & NAGAR HAVELI,Total,76458,343709,193760,149949,50895,26431,24464,6186,178564,223230,142521,80709,120479,51239,69240,157161,119293,37868,130299,109125,21174,22707,16486,6221,6184,3119,3065,1566,1151,415,99842,88369,11473,26862,10168,16694,22915,8364,14551,3947,1804,2143,186548,74467,112081
26,STATE,DADRA & NAGAR HAVELI,Rural,36094,183114,98305,84809,28504,14467,14037,1296,150944,99142,64050,35092,83972,34255,49717,84123,55803,28320,62211,48239,13972,21050,15098,5952,5456,2673,2783,977,694,283,34728,29774,4954,21912,7564,14348,18506,6115,12391,3406,1449,1957,98991,42502,56489
26,STATE,DADRA & NAGAR HAVELI,Urban,40364,160595,95455,65140,22391,11964,10427,4890,27620,124088,78471,45617,36507,16984,19523,73038,63490,9548,68088,60886,7202,1657,1388,269,728,446,282,589,457,132,65114,58595,6519,4950,2604,2346,4409,2249,2160,541,355,186,87557,31965,55592
27,STATE,MAHARASHTRA,Total,24421519,112374333,58243056,54131277,13326517,7035391,6291126,13275898,10510213,81554290,45257584,36296706,30820043,12985472,17834571,49427878,32616875,16811003,43762890,29989314,13773576,11478075,7181136,4296939,11068928,5846810,5222118,991310,606540,384770,20224577,16354828,3869749,5664988,2627561,3037427,4828248,2239979,2588269,836740,387582,449158,62946455,25626181,37320274
27,STATE,MAHARASHTRA,Rural,13214738,61556074,31539034,30017040,7688954,4067399,3621555,7494819,9006077,41482761,23391475,18091286,20073313,8147559,11925754,30650871,17887071,12763800,26510066,16188697,10321369,11170114,6938469,4231645,10449281,5451250,4998031,444965,264175,180790,4445706,3534803,910903,4140805,1698374,2442431,3521064,1442501,2078563,619741,255873,363868,30905203,13651963,17253240
27,STATE,MAHARASHTRA,Urban,11206781,50818259,26704022,24114237,5637563,2967992,2669571,5781079,1504136,40071529,21866109,18205420,10746730,4837913,5908817,18777007,14729804,4047203,17252824,13800617,3452207,307961,242667,65294,619647,395560,224087,546345,342365,203980,15778871,12820025,2958846,1524183,929187,594996,1307184,797478,509706,216999,131709,85290,32041252,11974218,20067034
28,STATE,ANDHRA PRADESH,Total,21022588,84580777,42442146,42138631,9142802,4714950,4427852,13878078,5918073,50556760,28251243,22305517,34024017,14190903,19833114,39422906,24185595,15237311,33037378,21460081,11577297,6087607,4183319,1904288,13201989,6787204,6414785,1164314,549534,614780,12583468,9940024,2643444,6385528,2725514,3660014,5547424,2378533,3168891,838104,346981,491123,45157871,18256551,26901320
28,STATE,ANDHRA PRADESH,Rural,14234387,56361702,28243241,28118461,6152022,3169288,2982734,10846333,5232129,30351065,17395600,12955465,26010637,10847641,15162996,29052307,16498189,12554118,24142968,14585917,9557051,5902131,4038316,1863815,12538929,6401648,6137281,741614,312226,429388,4960294,3833727,1126567,4909339,1912272,2997067,4245503,1663176,2582327,663836,249096,414740,27309395,11745052,15564343
28,STATE,ANDHRA PRADESH,Urban,6788201,28219075,14198905,14020170,2990780,1545662,1445118,3031745,685944,20205695,10855643,9350052,8013380,3343262,4670118,10370599,7687406,2683193,8894410,6874164,2020246,185476,145003,40473,663060,385556,277504,422700,237308,185392,7623174,6106297,1516877,1476189,813242,662947,1301921,715357,586564,174268,97885,76383,17848476,6511499,11336977
29,STATE,KARNATAKA,Total,13357027,61095297,30966657,30128640,7161033,3675291,3485742,10474992,4248987,40647322,22508471,18138851,20447975,8458186,11989789,27872597,18270116,9602481,23397181,16349837,7047344,6038309,4568505,1469804,5119921,2609098,2510823,695841,353513,342328,11543110,8818721,2724389,4475416,1920279,2555137,3931647,1668094,2263553,543769,252185,291584,33222700,12696541,20526159
29,STATE,KARNATAKA,Rural,7946657,37469335,18929354,18539981,4517645,2317069,2200576,7495763,3429791,22649176,12893437,9755739,14820159,6035917,8784242,18502230,11311426,7190804,15060905,10003021,5057884,5824702,4394613,1430089,4795763,2415657,2380106,378691,178311,200380,4061749,3014440,1047309,3441325,1308405,2132920,3036548,1140372,1896176,404777,168033,236744,18967105,7617928,11349177
29,STATE,KARNATAKA,Urban,5410370,23625962,12037303,11588659,2643388,1358222,1285166,2979229,819196,17998146,9615034,8383112,5627816,2422269,3205547,9370367,6958690,2411677,8336276,6346816,1989460,213607,173892,39715,324158,193441,130717,317150,175202,141948,7481361,5804281,1677080,1034091,611874,422217,895099,527722,367377,138992,84152,54840,14255595,5078613,9176982
30,STATE,GOA,Total,343611,1458545,739140,719405,144611,74460,70151,25449,149275,1165487,615823,549664,293058,123317,169741,577248,419536,157712,476053,356967,119086,24062,14866,9196,10758,6532,4226,10780,7951,2829,430453,327618,102835,101195,62569,38626,80846,50303,30543,20349,12266,8083,881297,319604,561693
30,STATE,GOA,Rural,128208,551731,275436,276295,54014,27772,26242,9461,87639,431271,227143,204128,120460,48293,72167,215536,152986,62550,164519,122042,42477,20546,12353,8193,8024,4704,3320,4284,3264,1020,131665,101721,29944,51017,30944,20073,38957,24120,14837,12060,6824,5236,336195,122450,213745
30,STATE,GOA,Urban,215403,906814,463704,443110,90597,46688,43909,15988,61636,734216,388680,345536,172598,75024,97574,361712,266550,95162,311534,234925,76609,3516,2513,1003,2734,1828,906,6496,4687,1809,298788,225897,72891,50178,31625,18553,41889,26183,15706,8289,5442,2847,545102,197154,347948
31,STATE,LAKSHADWEEP,Total,11574,64473,33123,31350,7255,3797,3458,0,61120,52553,28023,24530,11920,5100,6820,18753,15318,3435,10804,9137,1667,0,0,0,0,0,0,97,66,31,10707,9071,1636,7949,6181,1768,5362,4265,1097,2587,1916,671,45720,17805,27915
31,STATE,LAKSHADWEEP,Rural,2710,14141,7243,6898,1815,950,865,0,13463,11288,5949,5339,2853,1294,1559,4653,3787,866,2225,1878,347,0,0,0,0,0,0,20,9,11,2205,1869,336,2428,1909,519,1921,1543,378,507,366,141,9488,3456,6032
31,STATE,LAKSHADWEEP,Urban,8864,50332,25880,24452,5440,2847,2593,0,47657,41265,22074,19191,9067,3806,5261,14100,11531,2569,8579,7259,1320,0,0,0,0,0,0,77,57,20,8502,7202,1300,5521,4272,1249,3441,2722,719,2080,1550,530,36232,14349,21883
32,STATE,KERALA,Total,7853754,33406061,16027412,17378649,3472955,1768244,1704711,3039573,484839,28135824,13704903,14430921,5270237,2322509,2947728,11619063,8451569,3167494,9329747,7179828,2149919,544932,465546,79386,919136,629092,290044,198281,132111,66170,7667398,5953079,1714319,2289316,1271741,1017575,1828203,1061697,766506,461113,210044,251069,21786998,7575843,14211155
32,STATE,KERALA,Rural,4149641,17471135,8408054,9063081,1823664,927888,895776,1818281,433092,14549320,7132430,7416890,2921815,1275624,1646191,6341957,4507501,1834456,4930191,3743078,1187113,481651,410532,71119,760632,510300,250332,104642,68889,35753,3583266,2753357,829909,1411766,764423,647343,1117029,635147,481882,294737,129276,165461,11129178,3900553,7228625
32,STATE,KERALA,Urban,3704113,15934926,7619358,8315568,1649291,840356,808935,1221292,51747,13586504,6572473,7014031,2348422,1046885,1301537,5277106,3944068,1333038,4399556,3436750,962806,63281,55014,8267,158504,118792,39712,93639,63222,30417,4084132,3199722,884410,877550,507318,370232,711174,426550,284624,166376,80768,85608,10657820,3675290,6982530
33,STATE,TAMIL NADU,Total,18524982,72147030,36137975,36009055,7423832,3820276,3603556,14438445,794697,51837507,28040491,23797016,20309523,8097484,12212039,32884681,21434978,11449703,27942181,18961194,8980987,3855375,2512165,1343210,7234101,3808523,3425578,1119458,514637,604821,15733247,12125869,3607378,4942500,2473784,2468716,4219345,2137221,2082124,723155,336563,386592,39262349,14702997,24559352
33,STATE,TAMIL NADU,Rural,9528495,37229590,18679065,18550525,3911302,2020550,1890752,9475475,660280,24502195,13665839,10836356,12727395,5013226,7714169,18861330,11214535,7646795,15339116,9552474,5786642,3526374,2276871,1249503,6252943,3240547,3012396,555619,242723,312896,5004180,3792333,1211847,3522214,1662061,1860153,3010774,1444865,1565909,511440,217196,294244,18368260,7464530,10903730
33,STATE,TAMIL NADU,Urban,8996487,34917440,17458910,17458530,3512530,1799726,1712804,4962970,134417,27335312,14374652,12960660,7582128,3084258,4497870,14023351,10220443,3802908,12603065,9408720,3194345,329001,235294,93707,981158,567976,413182,563839,271914,291925,10729067,8333536,2395531,1420286,811723,608563,1208571,692356,516215,211715,119367,92348,20894089,7238467,13655622
34,STATE,PUDUCHERRY,Total,302450,1247953,612511,635442,132858,67527,65331,196325,0,957309,497378,459931,290644,115133,175511,444968,332931,112037,399689,306409,93280,10763,9187,1576,50607,33410,17197,6373,3520,2853,331946,260292,71654,45279,26522,18757,35827,21411,14416,9452,5111,4341,802985,279580,523405
34,STATE,PUDUCHERRY,Rural,95018,395200,194907,200293,44514,22798,21716,110425,0,280882,150490,130392,114318,44417,69901,147876,105705,42171,122188,91068,31120,8014,6760,1254,42434,27078,15356,2030,1133,897,69710,56097,13613,25688,14637,11051,19966,11706,8260,5722,2931,2791,247324,89202,158122
34,STATE,PUDUCHERRY,Urban,207432,852753,417604,435149,88344,44729,43615,85900,0,676427,346888,329539,176326,70716,105610,297092,227226,69866,277501,215341,62160,2749,2427,322,8173,6332,1841,4343,2387,1956,262236,204195,58041,19591,11885,7706,15861,9705,6156,3730,2180,1550,555661,190378,365283
35,STATE,ANDAMAN & NICOBAR ISLANDS,Total,94551,380581,202871,177710,40878,20770,20108,0,28530,294281,164377,129904,86300,38494,47806,152535,120889,31646,125910,103619,22291,12997,10816,2181,2680,2340,340,1390,969,421,108843,89494,19349,26625,17270,9355,21099,13856,7243,5526,3414,2112,228046,81982,146064
35,STATE,ANDAMAN & NICOBAR ISLANDS,Rural,58530,237093,126287,110806,26415,13370,13045,0,26715,178025,99960,78065,59068,26327,32741,94469,74670,19799,72366,60411,11955,12706,10564,2142,2562,2241,321,1017,717,300,56081,46889,9192,22103,14259,7844,17196,11280,5916,4907,2979,1928,142624,51617,91007
35,STATE,ANDAMAN & NICOBAR ISLANDS,Urban,36021,143488,76584,66904,14463,7400,7063,0,1815,116256,64417,51839,27232,12167,15065,58066,46219,11847,53544,43208,10336,291,252,39,118,99,19,373,252,121,52762,42605,10157,4522,3011,1511,3903,2576,1327,619,435,184,85422,30365,55057
